,corp_name,2020esg,2021esg,2022esg,2023esg
0,기아,A+,A+,B+,B
1,S-Oil,A+,A+,A,A+
2,풀무원,A+,A+,A,A
3,케이티,A+,A+,A,A
4,SK,A+,A+,A+,A+
5,NAVER,A+,A+,A,A+
6,포스코인터내셔널,A+,A+,A,A
7,신한지주,A+,A+,A+,A+
8,SK이노베이션,A+,A+,A,A+
9,BNK금융지주,A+,A+,A,A
10,DGB금융지주,A+,A+,A,A
11,JB금융지주,A+,A+,A,A
12,CJ대한통운,A,A,B+,A
13,두산,A,A,B+,B+
14,DL,A,A,A,A
15,일동홀딩스,A,A,B+,A
16,한국앤컴퍼니,A,A,B,B+
17,노루홀딩스,A,A,A,A
18,한화손해보험,A,A,A,A
19,롯데손해보험,A,A,B+,B+
20,동아쏘시오홀딩스,A,A,A,A
21,SK하이닉스,A,A,B+,A
22,현대건설,A,A,A,A
23,삼성화재해상보험,A,A,A,A
24,한화,A,A,A,A
25,DB하이텍,A,A,B,B+
26,CJ,A,A,B+,A
27,LX인터내셔널,A,A,A,B+
28,대한전선,A,A,A,A
29,현대해상,A,A,B+,A
30,현대차증권,A,A,A,A
31,대상,A,A,B+,A
32,SK네트웍스,A,A,A,A
33,오리온홀딩스,A,A,A,A
34,한진,A,A,B+,A
35,한독,A,A,B+,A
36,아모레퍼시픽그룹,A,A,A,A
37,TYM,A,A,B+,B+
38,삼양식품,A,A,B+,A
39,쌍용씨앤이,A,A,B+,B+
40,대한항공,A,A,A,A
41,대신증권,A,A,B+,B+
42,LG,A,A,A,A
43,롯데정밀화학,A,A,A,A+
44,현대제철,A,A,A,A
45,한솔홀딩스,A,A,A,A
46,신세계,A,A,A,A
47,현대비앤지스틸,A,A,C,B
48,한솔테크닉스,A,A,B+,B+
49,효성,A,A,B+,A
50,롯데지주,A,A,A,A
51,빙그레,A,A,A,A
52,롯데칠성음료,A,A,B+,A
53,현대자동차,A,A,B+,A
54,DB손해보험,A,A,B+,B+
55,NH투자증권,A,A,B+,A
56,SK디스커버리,A,A,A,A
57,제주은행,A,A,B+,B+
58,LS,A,A,C,A
59,GS건설,A,A,A,A
60,삼성SDI,A,A,A,A
61,GS리테일,A,A,A,A
62,오뚜기,A,A,C,B+
63,대덕,A,A,B+,B+
64,호텔신라,A,A,A,A
65,한미사이언스,A,A,B+,B+
66,삼성전기,A,A,A,A
67,무림페이퍼,A,A,B,B+
68,한샘,A,A,A,A
69,무림P&P,A,A,B+,B+
70,한화솔루션,A,A,B,B+
71,영원무역홀딩스,A,A,C,B+
72,OCI,A,A,A,A
73,엘에스일렉트릭,A,A,A,A
74,한솔피엔에스,A,A,B,B+
75,현대미포조선,A,A,B+,A
76,LG이노텍,A,A,A,A
77,롯데케미칼,A,A,A,B+
78,HMM,A,A,A,A
79,현대위아,A,A,A,A+
80,현대코퍼레이션,A,A,B,B+
81,SKC,A,A,A,A+
82,현대모비스,A,A,A,A
83,한화에어로스페이스,A,A,B+,A
84,에스원,A,A,B+,B+
85,한솔케미칼,A,A,B,B+
86,삼성증권,A,A,A,B+
87,SK텔레콤,A,A,A,A
88,현대엘리베이터,A,A,B,B+
89,애경산업,A,A,A,A
90,삼성에스디에스,A,A,A,A
91,SK가스,A,A,A,A+
92,한섬,A,A,B+,A
93,코웨이,A,A,B+,A
94,롯데쇼핑,A,A,A,A
95,한솔홈데코,A,A,B,B+
96,BGF,A,A,B+,A
97,삼성엔지니어링,A,A,A,A
98,삼성물산,A,A,A,A+
99,삼성카드,A,A,A,A
100,신세계인터내셔날,A,A,B+,A
101,신세계푸드,A,A,B,A
102,LG유플러스,A,A,A,A
103,삼성생명,A,A,A,A
104,케이티앤지,A,A,A,A+
105,강원랜드,A,A,A,A
106,카카오,A,A,A,A
107,엔씨소프트,A,A,A,A
108,팜스코,A,A,B,A
109,광주신세계,A,A,B+,A
110,대우조선해양,A,A,B+,B+
111,KSS해운,A,A,B+,B+
112,대우건설,A,A,B+,A
113,한국항공우주,A,A,B,B+
114,LG생활건강,A,A,A,A
115,케이티스카이라이프,A,A,A,B+
116,한미글로벌,A,A,B+,B+
117,현대홈쇼핑,A,A,A,A
118,KTcs,A,A,A,A
119,KTis,A,A,B+,B+
120,현대로템,A,A,A,A
121,LG전자,A,A,A,A
122,SK렌터카,A,A,B+,A
123,현대백화점,A,A,A,A+
124,지역난방공사,A,A,A+,A+
125,롯데하이마트,A,A,A,A
126,GS,A,A,A,B
127,CJ CGV,A,A,B+,A
128,현대리바트,A,A,A,A
129,LIG넥스원,A,A,A,A
130,휴비스,A,A,B+,A
131,휠라홀딩스,A,A,B+,A
132,HSD엔진,A,A,B+,B+
133,대상홀딩스,A,A,B+,B+
134,현대글로비스,A,A,A,A+
135,하나금융지주,A,A,A,A
136,한화생명,A,A,A,A
137,노루페인트,A,A,A,B+
138,아모레퍼시픽,A,A,A,A
139,CJ제일제당,A,A,A,A
140,LX하우시스,A,A,A,A
141,코오롱인더,A,A,B+,B+
142,한미약품,A,A,B+,B+
143,이마트,A,A,A,A
144,삼양사,A,A,B+,B+
145,동아에스티,A,A,A,A
146,한진칼,A,A,A,A
147,종근당,A,A,B+,B+
148,코스맥스,A,A,B,B
149,해성디에스,A,A,B+,A
150,서연이화,A,A,B+,B+
151,삼성바이오로직스,A,A,A,A+
152,SK디앤디,A,A,A,A
153,한솔제지,A,A,B+,A
154,이노션,A,A,B+,B+
155,일동제약,A,A,B,B+
156,경동도시가스,A,A,B,C
157,오리온,A,A,A,A
158,한화시스템,A,A,A,A
159,BGF리테일,A,A,A,A
160,SK케미칼,A,A,A+,A+
161,롯데정보통신,A,A,A,A
162,효성화학,A,A,A,A
163,효성티앤씨,A,A,A,A
164,효성중공업,A,A,A,A
165,효성첨단소재,A,A,A,A
166,현대오토에버,A,A,B+,A
167,우리금융지주,A,A,A,A
168,하림지주,A,A,C,B+
169,CJ ENM,A,A,B+,B+
170,케이티알파,A,A,B+,B+
171,현대에버다임,A,A,A,A
172,CJ프레시웨이,A,A,A,A
173,현대바이오랜드,A,A,A,A
174,에스티팜,A,A,B+,A
175,삼양홀딩스,B+,B+,B+,B+
176,하이트진로,B+,B+,B,B
177,유한양행,B+,B+,B+,A
178,하이트진로홀딩스,B+,B+,B,B+
179,삼화페인트공업,B+,B+,B,B+
180,대동,B+,B+,D,C
181,가온전선,B+,B+,B,B+
182,흥국화재,B+,B+,B+,B+
183,유수홀딩스,B+,B+,B+,B+
184,동국제강,B+,B+,B,A
185,GS글로벌,B+,B+,B+,B+
186,SK증권,B+,B+,B+,B+
187,종근당홀딩스,B+,B+,B+,B+
188,DL건설,B+,B+,A,A
189,아세아,B+,B+,B+,A
190,도화엔지니어링,B+,B+,C,B
191,고려제강,B+,B+,D,C
192,넥센타이어,B+,B+,B+,B+
193,케이씨씨,B+,B+,A,A
194,SUN&L,B+,B+,C,C
195,세아제강지주,B+,B+,B,B+
196,일신방직,B+,B+,D,D
197,태광산업,B+,B+,D,C
198,한일홀딩스,B+,B+,C,A
199,영진약품,B+,B+,B+,B+
200,한화투자증권,B+,B+,B+,A
201,코리안리,B+,B+,B+,A
202,대한화섬,B+,B+,C,C
203,남양유업,B+,B+,C,B
204,사조대림,B+,B+,C,B
205,한국석유공업,B+,B+,B,B+
206,농심,B+,B+,C,B+
207,삼익THK,B+,B+,C,C
208,서울식품공업,B+,B+,D,D
209,삼천리,B+,B+,C,C
210,DRB동일,B+,B+,C,B+
211,성신양회,B+,B+,C,B
212,SGC에너지,B+,B+,B+,B+
213,녹십자홀딩스,B+,B+,B+,B+
214,SPC삼립,B+,B+,B,C
215,넥센,B+,B+,B+,B+
216,에스엘,B+,B+,B+,B+
217,삼성전자,B+,B+,A,A
218,화승인더스트리,B+,B+,C,B+
219,녹십자,B+,B+,B+,B+
220,한일현대시멘트,B+,B+,B+,B+
221,미래에셋증권,B+,B+,A,A
222,AK홀딩스,B+,B+,B+,A
223,사조산업,B+,B+,C,B
224,이수페타시스,B+,B+,C,C
225,F&F 홀딩스,B+,B+,B,A
226,서연,B+,B+,B+,B+
227,메리츠증권,B+,B+,B+,
228,한솔로지스틱스,B+,B+,B+,B
229,태영건설,B+,B+,B+,A
230,경동나비엔,B+,B+,C,B
231,삼성중공업,B+,B+,B+,A
232,화신,B+,B+,C,B+
233,아이에스동서,B+,B+,B+,B+
234,금호석유화학,B+,B+,A,A
235,계양전기,B+,B+,C,C
236,경동인베스트,B+,B+,C,C
237,HDC,B+,B+,C,B+
238,화승코퍼레이션,B+,B+,C,B
239,유니드,B+,B+,B,B+
240,예스코홀딩스,B+,B+,B,B
241,한국전력공사,B+,B+,B,B+
242,서울도시가스,B+,B+,C,C
243,E1,B+,B+,B+,A
244,한국카본,B+,B+,C,B
245,한온시스템,B+,B+,B,B+
246,세아특수강,B+,B+,B+,A
247,대교,B+,B+,B,B+
248,다우기술,B+,B+,C,B+
249,기업은행,B+,B+,A,A
250,한국콜마홀딩스,B+,B+,B+,A
251,팬오션,B+,B+,B,A
252,제일기획,B+,B+,A,A
253,LG디스플레이,B+,B+,A,B+
254,신세계건설,B+,B+,B+,B+
255,NICE,B+,B+,B+,B+
256,신세계I&C,B+,B+,B+,A
257,한국가스공사,B+,B+,B+,A
258,SNT홀딩스,B+,B+,C,B
259,LG헬로비전,B+,B+,A,A
260,하나투어,B+,B+,B+,B+
261,코스맥스비티아이,B+,B+,B+,B
262,동원F&B,B+,B+,B,B
263,LG화학,B+,B+,B,A
264,한전기술,B+,B+,B+,A
265,테이팩스,B+,B+,B+,A
266,세아홀딩스,B+,B+,C,B+
267,종근당바이오,B+,B+,B+,B+
268,셀트리온,B+,B+,B,B
269,한국금융지주,B+,B+,B,B+
270,농심홀딩스,B+,B+,C,B+
271,금호타이어,B+,B+,B+,A
272,STX엔진,B+,B+,C,C
273,에이블씨엔씨,B+,B+,B,C
274,동양생명,B+,B+,B,B
275,미래에셋생명,B+,B+,B+,B+
276,HDC현대EP,B+,B+,C,B+
277,제주항공,B+,B+,B,A
278,후성,B+,B+,B,B+
279,효성 ITX,B+,B+,B+,B+
280,웅진씽크빅,B+,B+,B+,B+
281,동성케미컬,B+,B+,B+,A
282,풍산,B+,B+,B,B+
283,영원무역,B+,B+,B+,B+
284,GKL,B+,B+,A,B+
285,한전산업,B+,B+,C,C
286,선진,B+,B+,C,B+
287,메리츠금융지주,B+,B+,B,B+
288,코오롱플라스틱,B+,B+,B,B
289,한국타이어앤테크놀로지,B+,B+,B+,B
290,한국콜마,B+,B+,B+,A
291,동일고무벨트,B+,B+,B,A
292,엔에이치엔,B+,B+,A,A
293,아세아시멘트,B+,B+,C,B+
294,경보제약,B+,B+,B+,B+
295,잇츠한불,B+,B+,C,C
296,현대코퍼레이션홀딩스,B+,B+,B,B+
297,두산밥캣,B+,B+,B+,A
298,화승엔터프라이즈,B+,B+,B+,B+
299,넷마블,B+,B+,B,B+
300,진에어,B+,B+,B+,A
301,삼양패키징,B+,B+,B,B
302,한일시멘트,B+,B+,C,A
303,세아제강,B+,B+,B+,A
304,두산퓨얼셀,B+,B+,B+,A
305,동진쎄미켐,B+,B+,C,B
306,NICE평가정보,B+,B+,B,B
307,주성엔지니어링,B+,B+,C,B
308,지니뮤직,B+,B+,C,C
309,서울반도체,B+,B+,B,C
310,안랩,B+,B+,B+,B+
311,에스에프에이,B+,B+,C,C
312,엘앤에프,B+,B+,C,C
313,아이티엠반도체,B+,B+,B,B+
314,에코프로,B+,B+,C,C
315,나스미디어,B+,B+,B+,B+
316,비에이치,B+,B+,C,C
317,셀트리온헬스케어,B+,B+,B,C
318,고영,B+,B+,B,B+
319,LX세미콘,B+,B+,A,B+
320,하림,B+,B+,B,A
321,케어젠,B+,B+,C,B
322,원익IPS,B+,B+,B,B
323,매일유업,B+,B+,A,A
324,동화약품,B,B,C,C
325,유유제약,B,B,C,D
326,대원강업,B,B,C,C
327,조선내화,B,B,D,D
328,삼일제약,B,B,D,C
329,CS홀딩스,B,B,C,C
330,천일고속,B,B,D,D
331,화천기공,B,B,D,C
332,강남제비스코,B,B,C,B+
333,유니온,B,B,C,C
334,페이퍼코리아,B,B,D,D
335,JW중외제약,B,B,C,B+
336,대한제분,B,B,D,D
337,금호전기,B,B,D,D
338,백광산업,B,B,D,D
339,BYC,B,B,D,D
340,신영증권,B,B,B+,B+
341,대한제당,B,B,D,C
342,KISCO홀딩스,B,B,C,D
343,코오롱,B,B,C,B+
344,경농,B,B,C,C
345,삼양통상,B,B,C,C
346,한국수출포장공업,B,B,D,D
347,아세아제지,B,B,C,C
348,SH에너지화학,B,B,C,C
349,화성산업,B,B,B,C
350,제일파마홀딩스,B,B,D,C
351,TCC스틸,B,B,C,C
352,국제약품,B,B,C,C
353,삼영무역,B,B,B,C
354,한국쉘석유,B,B,C,C
355,혜인,B,B,D,D
356,코오롱글로벌,B,B,C,C
357,성보화학,B,B,D,D
358,대웅,B,B,B+,B+
359,디아이,B,B,D,D
360,대원제약,B,B,B,B
361,한진중공업홀딩스,B,B,C,C
362,신흥,B,B,D,C
363,현대약품,B,B,D,C
364,세방,B,B,C,B+
365,삼일씨엔에스,B,B,D,D
366,삼화왕관,B,B,D,D
367,세방전지,B,B,C,C
368,깨끗한나라,B,B,C,B+
369,동일산업,B,B,C,C
370,조광페인트,B,B,C,C
371,코스모신소재,B,B,D,C
372,한창,B,B,D,D
373,국동,B,B,D,C
374,모나미,B,B,D,D
375,코스모화학,B,B,D,D
376,한국공항,B,B,C,B+
377,삼진제약,B,B,D,C
378,삼영전자공업,B,B,C,D
379,파미셀,B,B,D,D
380,크라운해태홀딩스,B,B,C,D
381,풍산홀딩스,B,B,B,B+
382,원림,B,B,D,C
383,휴니드테크놀러지스,B,B,D,D
384,대한해운,B,B,C,C
385,이수화학,B,B,C,C
386,동원산업,B,B,C,B+
387,삼아알미늄,B,B,C,C
388,한국전자홀딩스,B,B,D,D
389,대구백화점,B,B,C,C
390,카프로,B,B,C,C
391,대한유화,B,B,C,B+
392,영풍제지,B,B,D,C
393,벽산,B,B,D,C
394,한국특강,B,B,D,C
395,샘표,B,B,C,C
396,국도화학,B,B,D,D
397,코리아써키트,B,B,D,D
398,태평양물산,B,B,C,D
399,사조동아원,B,B,C,C
400,서흥,B,B,B,B+
401,율촌화학,B,B,C,D
402,케이씨티시,B,B,D,D
403,SIMPAC,B,B,D,D
404,신원,B,B,D,C
405,광동제약,B,B,C,C
406,참엔지니어링,B,B,C,D
407,한올바이오파마,B,B,C,B
408,KC그린홀딩스,B,B,D,C
409,모토닉,B,B,B,C
410,한국내화,B,B,C,C
411,우리종금,B,B,B,B+
412,고려아연,B,B,B,B
413,웰바이오텍,B,B,D,D
414,평화홀딩스,B,B,C,C
415,에넥스,B,B,C,C
416,CJ씨푸드,B,B,B,B+
417,유니켐,B,B,D,D
418,STX,B,B,C,C
419,신성이엔지,B,B,D,D
420,DB,B,B,B,C
421,영흥,B,B,C,C
422,더존비즈온,B,B,D,C
423,모나리자,B,B,D,B+
424,일성건설,B,B,D,D
425,디와이,B,B,C,C
426,영보화학,B,B,D,D
427,극동유화,B,B,D,D
428,사조씨푸드,B,B,C,B
429,동원시스템즈,B,B,C,B
430,대창단조,B,B,C,C
431,태경산업,B,B,C,C
432,대현,B,B,C,C
433,한세예스24홀딩스,B,B,B+,A
434,환인제약,B,B,B,B
435,DB금융투자,B,B,B,B
436,대성홀딩스,B,B,C,C
437,두올,B,B,D,C
438,퍼시스,B,B,D,D
439,웅진,B,B,C,B+
440,명문제약,B,B,D,C
441,우신시스템,B,B,D,C
442,광전자,B,B,D,D
443,조일알미늄,B,B,C,C
444,신풍제약,B,B,C,D
445,티에이치엔,B,B,D,C
446,키다리스튜디오,B,B,D,D
447,일진디스플,B,B,D,C
448,서원,B,B,C,C
449,MH에탄올,B,B,C,D
450,한국종합기술,B,B,C,C
451,대원화성,B,B,D,D
452,에스제이엠홀딩스,B,B,C,C
453,이구산업,B,B,C,C
454,남해화학,B,B,C,C
455,세하,B,B,D,C
456,케이씨,B,B,C,C
457,교보증권,B,B,B+,B+
458,롯데관광개발,B,B,D,D
459,유나이티드,B,B,B,B
460,세종공업,B,B,C,D
461,무학,B,B,C,C
462,SBS,B,B,C,B+
463,지투알,B,B,B,B
464,키움증권,B,B,B,B+
465,상신브레이크,B,B,D,C
466,유니온머티리얼,B,B,D,C
467,우진플라임,B,B,D,C
468,한전KPS,B,B,A,A
469,다스코,B,B,D,C
470,SNT모티브,B,B,C,C
471,대호에이엘,B,B,D,C
472,하이스틸,B,B,C,C
473,코아스,B,B,C,B
474,STX중공업,B,B,C,C
475,유니퀘스트,B,B,D,C
476,그린케미칼,B,B,D,C
477,대한제강,B,B,D,C
478,동양고속,B,B,D,C
479,티비에이치글로벌,B,B,D,D
480,평화산업,B,B,C,D
481,티웨이항공,B,B,C,B
482,KEC,B,B,C,D
483,KPX홀딩스,B,B,C,C
484,동양피스톤,B,B,C,C
485,LF,B,B,B,B+
486,AJ네트웍스,B,B,B+,B+
487,JW홀딩스,B,B,B+,B+
488,비상교육,B,B,B,B
489,SNT에너지,B,B,C,D
490,해태제과식품,B,B,C,D
491,이연제약,B,B,C,C
492,한국철강,B,B,C,C
493,한세실업,B,B,C,B+
494,우진,B,B,C,C
495,컨버즈,B,B,D,D
496,씨에스윈드,B,B,C,A
497,대성에너지,B,B,C,C
498,아이마켓코리아,B,B,C,C
499,한국화장품,B,B,C,D
500,에스제이엠,B,B,D,C
501,인터지스,B,B,C,C
502,화인베스틸,B,B,D,D
503,핸즈코퍼레이션,B,B,C,C
504,덴티움,B,B,D,D
505,DSR,B,B,D,D
506,더블유게임즈,B,B,B,B
507,쿠쿠홀딩스,B,B,C,D
508,디와이파워,B,B,C,C
509,LS전선아시아,B,B,C,C
510,JW생명과학,B,B,C,B+
511,샘표식품,B,B,C,C
512,크라운제과,B,B,C,C
513,케이씨텍,B,B,C,B
514,쿠쿠홈시스,B,B,C,D
515,하나제약,B,B,C,C
516,HDC현대산업개발,B,B,C,B+
517,자이에스앤디,B,B,B,C
518,솔루스첨단소재,B,B,C,B
519,포스코엠텍,B,B,B+,A
520,오리콤,B,B,C,B
521,아주IB투자,B,B,B,B
522,원익홀딩스,B,B,C,C
523,다우데이타,B,B,C,C
524,케이엠더블유,B,B,D,C
525,파라다이스,B,B,C,C
526,JYP Ent.,B,B,B,B+
527,솔브레인홀딩스,B,B,C,C
528,삼표시멘트,B,B,C,A
529,에스엠,B,B,C,B+
530,코미팜,B,B,D,C
531,SBS콘텐츠허브,B,B,C,B+
532,인터플렉스,B,B,D,D
533,한국정보인증,B,B,C,D
534,이니텍,B,B,B,B+
535,농우바이오,B,B,D,D
536,신화인터텍,B,B,D,C
537,KT서브마린,B,B,C,C
538,드림어스컴퍼니,B,B,C,C
539,KH바텍,B,B,B+,A
540,티씨케이,B,B,D,B
541,아프리카TV,B,B,C,C
542,멀티캠퍼스,B,B,B,C
543,웹젠,B,B,C,B
544,이베스트투자증권,B,B,C,C
545,국일제지,B,B,C,D
546,컴투스,B,B,D,B+
547,대주전자재료,B,B,D,C
548,유진테크,B,B,D,B
549,헬릭스미스,B,B,D,C
550,파트론,B,B,D,D
551,테스,B,B,C,B+
552,코오롱생명과학,B,B,C,C
553,위메이드,B,B,C,C
554,와이지엔터테인먼트,B,B,C,C
555,피엔티,B,B,C,C
556,휴젤,B,B,C,B
557,KG ETS,B,B,D,D
558,콜마비앤에이치,B,B,B+,B+
559,클래시스,B,B,B+,B+
560,파마리서치,B,B,C,B
561,골프존,B,B,B+,C
562,인크로스,B,B,C,B
563,휴온스,B,B,B,B
564,에코프로비엠,B,B,B,B
565,스튜디오드래곤,B,B,C,B+
566,펄어비스,B,B,B,B+
567,이녹스첨단소재,B,B,C,B+
568,와이즈버즈,B,B,D,C
569,천보,B,B,D,C
570,에이비엘바이오,B,B,C,C
571,KR모터스,C,C,D,D
572,경방,C,C,D,C
573,성창기업지주,C,C,D,D
574,대유플러스,C,C,D,D
575,영풍,C,C,B,B+
576,LS네트웍스,C,C,B,B+
577,이화산업,C,C,D,C
578,보해양조,C,C,D,D
579,전방,C,C,D,D
580,한국주철관공업,C,C,D,D
581,대한방직,C,C,C,C
582,만호제강,C,C,C,C
583,유진증권,C,C,B,B
584,남광토건,C,C,C,D
585,부국증권,C,C,C,C
586,상상인증권,C,C,D,D
587,삼성제약,C,C,D,D
588,SG글로벌,C,C,D,D
589,KG케미칼,C,C,D,C
590,태원물산,C,C,D,D
591,삼부토건,C,C,D,C
592,동양,C,C,D,D
593,디아이동일,C,C,D,D
594,조비,C,C,D,D
595,제일연마,C,C,C,C
596,금양,C,C,D,D
597,케이비아이동국실업,C,C,D,D
598,한양증권,C,C,D,C
599,알루코,C,C,D,D
600,삼화콘덴서공업,C,C,D,D
601,고려산업,C,C,D,D
602,동성제약,C,C,C,C
603,한일철강,C,C,D,D
604,범양건영,C,C,D,D
605,세기상사,C,C,D,C
606,삼익악기,C,C,D,C
607,조흥,C,C,C,C
608,오리엔트바이오,C,C,D,D
609,동일제강,C,C,D,C
610,신일전자,C,C,D,D
611,보락,C,C,D,D
612,진흥기업,C,C,C,C
613,미원상사,C,C,C,C
614,대유에이텍,C,C,D,C
615,유성기업,C,C,C,C
616,금호건설,C,C,C,B
617,부광약품,C,C,C,B+
618,일성신약,C,C,D,C
619,한국화장품제조,C,C,D,D
620,유화증권,C,C,D,C
621,유안타증권,C,C,C,C
622,아이에이치큐,C,C,D,D
623,방림,C,C,D,C
624,미창석유공업,C,C,C,D
625,한성기업,C,C,D,C
626,SG세계물산,C,C,D,D
627,동방,C,C,D,C
628,엔피씨,C,C,D,D
629,남성,C,C,D,D
630,송원산업,C,C,D,C
631,조광피혁,C,C,C,C
632,팜젠사이언스,C,C,D,D
633,써니전자,C,C,D,D
634,덕성,C,C,D,C
635,티웨이홀딩스,C,C,D,D
636,씨아이테크,C,C,D,D
637,한신공영,C,C,D,D
638,신라교역,C,C,D,D
639,휴스틸,C,C,D,C
640,부산주공,C,C,D,C
641,신성통상,C,C,D,D
642,대림비앤코,C,C,D,C
643,신영와코루,C,C,D,D
644,동부건설,C,C,C,B+
645,사조오양,C,C,C,C
646,대원전선,C,C,D,D
647,인스코비,C,C,D,D
648,대림통상,C,C,D,D
649,삼성공조,C,C,C,C
650,신송홀딩스,C,C,D,C
651,태경케미컬,C,C,D,D
652,일신석재,C,C,D,D
653,미래아이앤지,C,C,D,D
654,일양약품,C,C,C,C
655,동방아그로,C,C,D,C
656,선도전기,C,C,D,D
657,대동전자,C,C,C,D
658,이건산업,C,C,D,D
659,NI스틸,C,C,D,D
660,남선알미늄,C,C,D,D
661,문배철강,C,C,D,D
662,일정실업,C,C,D,D
663,윌비스,C,C,D,D
664,아남전자,C,C,D,D
665,금비,C,C,D,D
666,동양철관,C,C,D,C
667,경인전자,C,C,D,D
668,대양금속,C,C,D,D
669,대우부품,C,C,D,D
670,한창제지,C,C,C,C
671,삼화전기,C,C,D,D
672,삼정펄프,C,C,D,D
673,우진아이엔에스,C,C,C,C
674,진양폴리우레탄,C,C,D,D
675,화천기계,C,C,D,C
676,퍼스텍,C,C,D,C
677,삼호개발,C,C,B,B+
678,진원생명과학,C,C,D,D
679,삼화전자공업,C,C,D,D
680,태림포장,C,C,C,B
681,부산산업,C,C,C,D
682,갤럭시아에스엠,C,C,D,D
683,한농화성,C,C,D,D
684,한신기계공업,C,C,D,D
685,아센디오,C,C,D,D
686,영화금속,C,C,D,C
687,경인양행,C,C,C,C
688,대창,C,C,D,D
689,계룡건설산업,C,C,C,B+
690,까뮤이앤씨,C,C,C,C
691,지엠비코리아,C,C,D,D
692,지누스,C,C,B+,A
693,한익스프레스,C,C,D,C
694,대영포장,C,C,D,D
695,금강공업,C,C,C,C
696,태경비케이,C,C,D,C
697,성문전자,C,C,D,C
698,인디에프,C,C,D,D
699,이스타코,C,C,D,D
700,에이엔피,C,C,D,D
701,큐로,C,C,D,D
702,일진홀딩스,C,C,C,B
703,신대양제지,C,C,D,D
704,광명전기,C,C,D,D
705,수산중공업,C,C,D,C
706,동원금속,C,C,D,C
707,아시아나항공,C,C,B,A
708,세원정공,C,C,D,C
709,삼원강재,C,C,C,B
710,동남합성,C,C,C,D
711,인지컨트롤스,C,C,D,C
712,인팩,C,C,C,C
713,에쓰씨엔지니어링,C,C,D,D
714,WISCOM,C,C,C,C
715,디씨엠,C,C,C,C
716,덕양산업,C,C,D,C
717,KPX케미칼,C,C,D,C
718,한국단자공업,C,C,D,C
719,미래산업,C,C,D,D
720,제이준코스메틱,C,C,D,D
721,부국철강,C,C,D,D
722,동서,C,C,D,D
723,마니커,C,C,D,D
724,동아지질,C,C,D,D
725,신도리코,C,C,C,C
726,동원수산,C,C,D,D
727,비케이탑스,C,C,D,D
728,콤텍시스템,C,C,D,D
729,황금에스티,C,C,C,C
730,KH 필룩스,C,C,D,D
731,자화전자,C,C,D,D
732,체시스,C,C,D,D
733,인천도시가스,C,C,C,B
734,한국토지신탁,C,C,C,C
735,백산,C,C,D,D
736,YG PLUS,C,C,D,D
737,한미반도체,C,C,C,D
738,주연테크,C,C,D,D
739,진양화학,C,C,D,C
740,세이브존I&C,C,C,C,C
741,삼성출판사,C,C,C,C
742,대웅제약,C,C,B+,B+
743,한세엠케이,C,C,C,C
744,DSR제강,C,C,C,C
745,용평리조트,C,C,D,D
746,유엔젤,C,C,D,D
747,이엔플러스,C,C,D,D
748,새론오토모티브,C,C,D,D
749,세진중공업,C,C,D,C
750,텔코웨어,C,C,D,C
751,일진다이아,C,C,D,D
752,이월드,C,C,D,D
753,엔케이,C,C,D,C
754,진도,C,C,D,D
755,메타랩스,C,C,D,D
756,세원이앤씨,C,C,D,D
757,디아이씨,C,C,D,D
758,기신정기,C,C,D,D
759,형지엘리트,C,C,D,D
760,진양홀딩스,C,C,D,C
761,인바이오젠,C,C,D,D
762,쌍방울,C,C,D,D
763,일진전기,C,C,D,D
764,미원홀딩스,C,C,C,C
765,호전실업,C,C,D,C
766,락앤락,C,C,B,C
767,KC코트렐,C,C,D,C
768,조선선재,C,C,D,D
769,한국자산신탁,C,C,C,C
770,대성산업,C,C,D,D
771,미원화학,C,C,C,C
772,시디즈,C,C,C,D
773,드림텍,C,C,D,C
774,제이에스코퍼레이션,C,C,C,D
775,금호에이치티,C,C,D,D
776,토니모리,C,C,C,C
777,미원에스씨,C,C,C,C
778,제일약품,C,C,D,C
779,동아타이어,C,C,D,D
780,에어부산,C,C,D,C
781,삼천당제약,C,C,D,D
782,서부T&D,C,C,D,D
783,네이처셀,C,C,D,D
784,에스엠코어,C,C,C,C
785,SGC이테크건설,C,C,B,C
786,KCC건설,C,C,D,D
787,유진기업,C,C,D,D
788,한국캐피탈,C,C,D,D
789,동화기업,C,C,D,D
790,코엔텍,C,C,D,C
791,시그네틱스,C,C,D,D
792,코웰패션,C,C,D,D
793,네패스,C,C,C,C
794,KG이니시스,C,C,D,C
795,SFA반도체,C,C,D,D
796,영풍정밀,C,C,B,B
797,KCI,C,C,C,B+
798,이오테크닉스,C,C,D,C
799,오스코텍,C,C,D,D
800,나노엔텍,C,C,D,D
801,우리기술투자,C,C,D,D
802,KG모빌리언스,C,C,D,D
803,현대바이오,C,C,D,D
804,리노공업,C,C,C,C
805,인선이엔티,C,C,D,B
806,다원시스,C,C,D,D
807,셀트리온제약,C,C,D,D
808,차바이오텍,C,C,D,C
809,동국제약,C,C,C,C
810,메디톡스,C,C,D,D
811,에이스테크,C,C,D,D
812,상아프론테크,C,C,C,C
813,로보스타,C,C,C,D
814,아미코젠,C,C,C,B
815,제넥신,C,C,D,D
816,에스앤에스텍,C,C,C,C
817,이엔에프테크놀로지,C,C,D,C
818,티케이케미칼,C,C,D,D
819,원익머트리얼즈,C,C,C,B+
820,메지온,C,C,D,D
821,레고켐바이오,C,C,C,C
822,서진시스템,C,C,D,D
823,코리아에셋투자증권,C,C,C,D
824,알테오젠,C,C,C,C
825,메가스터디교육,D,D,B,C
826,RFHIC,D,D,C,D
827,씨아이에스,D,D,D,C
828,에코마케팅,D,D,C,C
829,메드팩토,D,D,D,C
830,셀리버리,D,D,C,D
831,엘앤씨바이오,D,D,C,C
832,나우IB,D,D,D,D
833,국보,D,D,D,D
834,비비안,D,D,D,D
835,흥아해운,D,D,C,B
836,진양산업,D,D,D,C
837,성안,D,D,C,D
838,세우글로벌,D,D,D,D
839,쎌마테라퓨틱스,D,D,D,D
840,한국주강,D,D,D,D
841,이아이디,D,D,D,D
842,아시아나IDT,D,D,C,D
843,큐캐피탈,D,D,D,D
844,리더스 기술투자,D,D,D,D
845,메이슨캐피탈,D,D,D,D
846,아난티,D,D,C,C
847,상상인,D,D,D,D
848,씨젠,D,D,C,B+
849,덕산네오룩스,D,D,D,C
